Date,Amount Invested,Shares Bought,Taxes,Shares to Taxes,Fees,Shares to Fees,Dividends,Shares from Dividends,Cumulative Shares,Current Portfolio Value,Dividend Yield (Monthly),Tax Rate,Management Fee (Monthly),S&P 500 Index Value
1996.01,100000,162.7551186484815,0,0,0,0,0,0,162.7551186484815,100000,0,0.15,0,614.42
1996.02,0,0.24842316406086373,28.475432114840014,0.043839381893093596,29.906279875619486,0.04604224508978583,161.36078198409342,0.24842316406086373,162.95749956745257,105847.41426904313,0.0017957195348503045,0.15,0.00028289276228066207,649.54
1996.03,0,0.2515242596519592,28.721259298763517,0.0443866340562281,29.829601644783324,0.04609949718698645,162.75380269299325,0.2515242596519592,163.16292432991756,105577.83344615977,0.0018158777257483733,0.15,0.00028289276228066207,647.07
1996.04,0,0.25281498488703935,28.8731071357668,0.04461440909771282,29.87182070022835,0.04615761036548102,163.61427376934523,0.25281498488703935,163.36958170443913,105727.89219166186,0.001822898156589459,0.15,0.00028289276228066207,647.17
1996.05,0,0.24874321898756216,29.025260945496306,0.04389586217427568,30.5594534479198,0.046216072241005095,164.47647869114573,0.24874321898756216,163.57210885118567,108158.7855356695,0.001791270309372936,0.15,0.00028289276228066207,661.23
1996.06,0,0.24732584072680838,29.177174916330245,0.04364573659884853,30.02530130689097,0.04491443725787729,165.3373245258714,0.24732584072680838,163.7745202546546,109483.2667902366,0.0017788581401146847,0.15,0.0002745849373302356,668.50
1996.07,0,0.2593662345082796,29.479413645837823,0.045770511972049344,28.963838450133075,0.04497001638041373,167.05001065974767,0.2593662345082796,163.98891647278248,105620.34143262502,0.0018631515207974286,0.15,0.0002745849373302356,644.07
1996.08,0,0.25469119244294636,29.784486954369115,0.04494550454875523,29.839742408096047,0.045028886352532216,168.77875940809167,0.25469119244294636,164.1985787788729,108811.11418518348,0.001827176515563067,0.15,0.0002745849373302356,662.68
1996.09,0,0.2526471977936245,30.089389561228458,0.04458479961063961,30.427947738228987,0.04508645646371057,170.5065408469613,0.2526471977936245,164.40613952020283,110954.41543939448,0.0018101983562509878,0.15,0.0002745849373302356,674.88
1996.1,0,0.2447091924995273,30.29183120659737,0.043183975146975404,31.66632409809722,0.04514344951686086,171.65371017071843,0.2447091924995273,164.60570526318548,115464.31801391409,0.0017511095904732034,0.15,0.0002745849373302356,701.46
1996.11,0,0.2348809100548194,30.493206900005113,0.041449572362615185,33.2509945646267,0.04519824726389102,172.79483910002898,0.2348809100548194,164.7953879259764,121235.02303550305,0.0016787418271779469,0.15,0.0002745849373302356,735.67
1996.12,0,0.2340098203927,30.693141001213103,0.041295850657535285,33.632308713429296,0.045250331265966094,173.92779900687427,0.2340098203927,164.98414741510314,122624.4675662754,0.0016705908734163024,0.15,0.0002745849373302356,743.25
1997.01,0,0.22806752997517274,30.83821814427827,0.040247211172089306,34.71142239789043,0.045302161778458444,174.74990281757687,0.22806752997517274,165.16691278329984,126554.19191282001,0.0016263061957836305,0.15,0.0002745849373302356,766.22
1997.02,0,0.21990284234056184,30.982628875814324,0.03880638394245209,36.20885983880773,0.04535234639563087,175.56823029628117,0.21990284234056184,165.34146327924478,132006.97086751624,0.0015663501964369962,0.15,0.0002745849373302356,798.39
1997.03,0,0.22265452175461317,31.12553046231783,0.03929197442728468,34.87604958132748,0.04402652189119304,176.37800595313436,0.22265452175461317,165.5200912791082,131118.39550765834,0.0015842759038578067,0.15,0.000266276353299455,792.16
1997.04,0,0.23164292263334765,31.22805492128704,0.040878162817649576,33.669516749904446,0.04407408630359385,176.95897788729326,0.23164292263334765,165.70766011543793,126589.0527919865,0.0016464532090636576,0.15,0.000266276353299455,763.93
1997.05,0,0.21312408752635426,31.332625778352433,0.03761013309288604,36.75928936011763,0.04412403144932436,177.55154607733047,0.21312408752635426,165.87666017151497,138190.18682228742,0.0015131118286539668,0.15,0.000266276353299455,833.09
1997.06,0,0.20327047771192017,31.433627102502086,0.03587126077269179,38.70488119846513,0.04416903216796395,178.1238869141785,0.20327047771192017,166.03576161705894,145495.47754741256,0.001441684069581227,0.15,0.000266276353299455,876.29
1997.07,0,0.19341133750216652,31.581454672478756,0.03413141250038232,40.908363641801465,0.04421139712068807,178.96157647737965,0.19341133750216652,166.18496155744043,153769.28307948404,0.0013704442210910454,0.15,0.000266276353299455,925.29
1997.08,0,0.19389656915073827,31.727409666940684,0.034217041614836165,41.031413642673215,0.044251125536725354,179.78865477933056,0.19389656915073827,166.33460700105445,154232.10099565773,0.001372648936629136,0.15,0.000266276353299455,927.24
1997.09,0,0.19275852316628247,31.87386906657706,0.03401620997052044,41.50152712666683,0.044290972579738776,180.61859137727,0.19275852316628247,166.48307455164098,155997.97051637864,0.0013633647093978785,0.15,0.000266276353299455,937.02
1997.1,0,0.19076542981930608,32.02031404004668,0.033664487615171663,42.16540406574177,0.04433050597769226,181.44844622693117,0.19076542981930608,166.6295094754826,158491.32423270002,0.0013480644686488079,0.15,0.000266276353299455,951.16
1997.11,0,0.19413378119988148,32.16636879603401,0.034258902564684966,41.65940918910995,0.044369498135208484,182.2760898441927,0.19413378119988148,166.77927375854728,156592.3957173752,0.0013706616822164474,0.15,0.000266276353299455,938.92
1997.12,0,0.19026958894611395,32.313484290718534,0.03357698628460835,41.404574380001606,0.0430235505886526,183.1097443140717,0.19026958894611395,166.92651979690473,160645.0748569472,0.0013421726224494392,0.15,0.0002579670100431031,962.37
1998.01,0,0.1908555537749464,32.44634228552336,0.033680391842637596,41.483760558853966,0.04306153520890837,183.86260628463236,0.1908555537749464,167.07431381547076,160952.71095727192,0.0013451184742290872,0.15,0.0002579670100431031,963.36
1998.02,0,0.18033594151454002,32.579491194016796,0.03182398967903647,44.12284714663023,0.0430996611899801,184.6171167660952,0.18033594151454002,167.2115500957953,171181.15229506948,0.0012698536737843593,0.15,0.0002579670100431031,1023.74
1998.03,0,0.17213577856217765,32.71075948748995,0.030376902099207816,46.449130561031104,0.04313506362288486,185.36097042910976,0.17213577856217765,167.34055081073458,180197.3253295233,0.0012111165798377337,0.15,0.0002579670100431031,1076.83
1998.04,0,0.16785587304282124,32.94517094086337,0.02962162465461551,48.01182947370194,0.043168341551611165,186.68930199822577,0.16785587304282124,167.46523834222577,186254.8380842235,0.0011800935083618055,0.15,0.0002579670100431031,1112.20
1998.05,0,0.1696239860616641,33.17905034655348,0.029933644599117192,47.88430577086491,0.043200506821299604,188.01461863046973,0.1696239860616641,167.59166182146612,185761.94979614948,0.0011916361427377106,0.15,0.0002579670100431031,1108.42
1998.06,0,0.17082765355940646,33.4135875756548,0.030146056510483493,47.91915777509246,0.043233119908238485,189.34366292871056,0.17082765355940646,167.71925635511727,185898.34655144846,0.0011991868084940017,0.15,0.0002579670100431031,1108.39
1998.07,0,0.16451972347161142,33.57886266578758,0.02903289237734319,50.04063086275253,0.043266035088582316,190.28022177279632,0.16451972347161142,167.8405100435003,194120.97710611156,0.0011540273911013505,0.15,0.0002579670100431031,1156.58
1998.08,0,0.17793226783306615,33.74286593978286,0.031399811970541085,46.52816015100831,0.04329731454003118,191.20957365876953,0.17793226783306615,167.97514499679332,180509.45031645402,0.0012472083154975715,0.15,0.0002579670100431031,1074.62
1998.09,0,0.1882706604796566,33.90998239622765,0.033224234202292334,42.801717466480845,0.04193615522268464,192.1565669119567,0.1882706604796566,168.12147950205028,171591.5068389726,0.0013186170768668024,0.15,0.00024965690741618474,1020.64
1998.1,0,0.18646821814563833,33.97461903332245,0.03290615614334794,43.33554184294434,0.04197268864271537,192.52284118882721,0.18646821814563833,168.2659750315532,173729.57124082776,0.0013048563154377365,0.15,0.00024965690741618474,1032.47
1998.11,0,0.16854343360660726,34.03873442160168,0.029742958871754217,48.07608858257842,0.04200876294974653,192.88616172240955,0.16854343360660726,168.39250970221008,192713.4398785003,0.001178410504210247,0.15,0.00024965690741618474,1144.43
1998.12,0,0.1623716691595194,34.099483214697536,0.02865382396932695,50.03012233078156,0.04204035320430365,193.23040488328604,0.1623716691595194,168.5128410181653,200538.7064536676,0.0011344061173900256,0.15,0.00024965690741618474,1190.05
1999.01,0,0.15564369334849612,34.299383813435554,0.027466534120322843,52.536246850097264,0.04207039474851035,194.3631749428015,0.15564369334849612,168.62641431676528,210575.60740634697,0.0010866247721090887,0.15,0.00024965690741618474,1248.77
1999.02,0,0.15682069575341803,34.49815463158162,0.02767424042707377,52.47945866180889,0.042098749107003876,195.48954291229583,0.15682069575341803,168.7411362634117,210349.32564324376,0.0010941046035285876,0.15,0.00024965690741618474,1246.58
1999.03,0,0.15340931147906844,34.69739614416403,0.027072231437482663,53.992990966560455,0.04212739023341639,196.61857815026286,0.15340931147906844,168.85241818465735,216411.39029054795,0.001069576434727879,0.15,0.00024965690741618474,1281.66
1999.04,0,0.14668660613333825,34.55142607103551,0.0258858716705891,56.26703809111599,0.04215517253372591,195.79141440253457,0.14668660613333825,168.95694961825694,225516.97807246464,0.00102203142637378,0.15,0.00024965690741618474,1334.76
1999.05,0,0.146355071610926,34.403858866017565,0.02582736557839871,56.1884037003843,0.042181269528166164,194.9552002407662,0.146355071610926,169.0611234203397,225201.25067453188,0.0010190905883324449,0.15,0.00024965690741618474,1332.07
1999.06,0,0.1467750865781477,34.25601013304633,0.025901485866731945,55.8212345103603,0.042207277237427926,194.11739075392921,0.1467750865781477,169.16569122968042,223730.08493581382,0.0010213854548662307,0.15,0.00024965690741618474,1322.55
1999.07,0,0.14137394179014742,34.45341174225453,0.024948342668849544,56.382328588369454,0.04082747057427603,195.2359998727757,0.14137394179014742,169.26623770089628,233754.98160256076,0.0009831915871946937,0.15,0.00024134604527370485,1380.99
1999.08,0,0.14791161564273306,34.6502101146303,0.02610204981930583,54.230272439696016,0.0408517370674702,196.35119064957172,0.14791161564273306,169.37329757947154,224841.3588037727,0.0010280471039329864,0.15,0.00024134604527370485,1327.49
1999.09,0,0.14981007801436755,34.84855597697627,0.026437072590770744,53.88359375717005,0.04087757554577182,197.4751505361989,0.14981007801436755,169.48223008194012,223406.39122711102,0.001040584042017848,0.15,0.00024134604527370485,1318.17
1999.1,0,0.15206205647137247,34.885093064708634,0.026834480553771613,53.17543480543744,0.040903865974444384,197.68219403334894,0.15206205647137247,169.59338827243704,220473.10068805088,0.0010555474573272514,0.15,0.00024134604527370485,1300.01
1999.11,0,0.14226594210811333,34.922104495126874,0.025105754489667054,56.93459474769175,0.040930693564120595,197.89192547238565,0.14226594210811333,169.69472352098103,236045.3604176846,0.000986899892163911,0.15,0.00024134604527370485,1391.00
1999.12,0,0.1386526774762894,34.95711304532209,0.02446811955463931,58.51180431005123,0.04095515042560351,198.09030725682516,0.1386526774762894,169.7924210480317,242579.03610290197,0.0009612602775522392,0.15,0.00024134604527370485,1428.68
2000.01,0,0.13982061138835228,35.17532918631549,0.02467422553912099,58.41886675609012,0.04097872933739022,199.3268653891211,0.13982061138835228,169.8912629300827,242195.28552049657,0.0009687996431886682,0.15,0.00024134604527370485,1425.59
2000.02,0,0.1444095403484705,35.39401381831416,0.025484036532083032,56.947259443864326,0.04100258443473063,200.56607830378022,0.1444095403484705,169.99466988599644,236100.49716456386,0.0010000136201852347,0.15,0.00024134604527370485,1388.87
2000.03,0,0.1399324686416394,35.61388334111626,0.024693965054406956,59.170330330476716,0.04102754129459421,201.8120055996588,0.1399324686416394,170.09357481334348,245310.6545315521,0.0009684211499481121,0.15,0.00024134604527370485,1442.21
2000.04,0,0.13801421712303746,35.59208052969211,0.024355450080536016,59.99089086698097,0.041051411607667496,201.688456334922,0.13801421712303746,170.19053761885885,248709.64405469556,0.0009545902447035637,0.15,0.00024134604527370485,1461.36
2000.05,0,0.1420974047712588,35.5698223623415,0.025076012606692726,58.26380102413061,0.041074813197317275,201.5623267199352,0.1420974047712588,170.29156021043278,241555.17232729468,0.0009822721034722613,0.15,0.00024134604527370485,1418.48
2000.06,0,0.13778812331773174,35.54836319392784,0.024315551173717365,58.01612175034946,0.039683795555520984,201.44072476559109,0.13778812331773174,170.38966453819498,249102.87396825955,0.0009519184291407881,0.15,0.00023303442347044623,1461.96
2000.07,0,0.13585095849382112,35.31325797554091,0.023973698557733136,58.48790611596502,0.039706657240981005,200.1084618613985,0.13585095849382112,170.48580883944783,251125.59642050666,0.0009379950214980765,0.15,0.00023303442347044623,1473.00
2000.08,0,0.13381191412495763,35.07745516871639,0.02361386719852193,59.015932695197726,0.03972906217279343,198.77224595605955,0.13381191412495763,170.57989169139998,253389.605911907,0.0009233952221309674,0.15,0.00023303442347044623,1485.46
2000.09,0,0.13448588920119967,34.84094287796844,0.02373280397668229,58.35643604836002,0.03975098671595655,197.43200964182117,0.13448588920119967,170.67462659388522,250558.8855711532,0.0009275342574617123,0.15,0.00023303442347044623,1468.05
2000.1,0,0.14189907073864885,34.81051309352211,0.02504101248329097,55.29012608983154,0.03977306320933973,197.25957419662532,0.14189907073864885,170.77675260141453,237403.5948613304,0.0009781189304674347,0.15,0.00023303442347044623,1390.14
2000.11,0,0.14302585096552856,34.78153123491829,0.025239856052740334,54.841667827097545,0.03979686208462566,197.09534366453698,0.14302585096552856,170.87998159029544,235479.44983069072,0.0009852963266668603,0.15,0.00023303442347044623,1378.04
2000.12,0,0.14796575235630913,34.75271625592633,0.026111603356995732,52.998854383804556,0.03982091799253496,196.93205878358253,0.14796575235630913,170.9881264246592,227573.2271023717,0.0010187112269866433,0.15,0.00023303442347044623,1330.93
2001.01,0,0.14663157109651928,34.560975053584244,0.025876159605268106,53.21967253657993,0.03984611946166223,195.84552530364408,0.14663157109651928,171.09491187629408,228519.49714933467,0.0010088871918121037,0.15,0.00023303442347044623,1335.63
2001.02,0,0.14915252720494218,34.36869042315057,0.02632103421263685,52.06156366601465,0.039871004147818995,194.75591239785325,0.14915252720494218,171.2041933993512,223549.87553120282,0.0010255919331163444,0.15,0.00023303442347044623,1305.75
2001.03,0,0.1633154364168805,34.176637107345485,0.02882037113239068,47.31122954780944,0.03989647050454058,193.66761027495772,0.1633154364168805,171.32761236526355,203168.84912334775,0.0011222611066604828,0.15,0.00023303442347044623,1185.85
2001.04,0,0.16193316832614163,34.00139311785464,0.028576441469319105,45.81013797014475,0.03850109087788674,192.67456100117633,0.16193316832614163,171.45104444271178,203999.31071971616,0.0011119609219166723,0.15,0.00022472204186096967,1189.84
2001.05,0,0.15088508259349323,33.825861595464,0.026626779281204688,48.94586822533075,0.038528828786362046,191.67988237429597,0.15088508259349323,171.56340069651893,217948.99734283672,0.0010353501342128674,0.15,0.00022472204186096967,1270.37
2001.06,0,0.15392729085023427,33.64787196160477,0.02716363956180605,47.757321604035525,0.03855407771313344,190.6712744490937,0.15392729085023427,171.67877390965603,212660.21402963003,0.0010555335792881303,0.15,0.00022472204186096967,1238.71
2001.07,0,0.1585804124186812,33.70626665959069,0.02798477866212021,46.467686561145186,0.03858000461716567,191.0021777376806,0.1585804124186812,171.79877431745754,206923.03372666176,0.0010867108777173537,0.15,0.00022472204186096967,1204.45
2001.08,0,0.16235765358134974,33.765616719815405,0.02865135063200289,45.4983157404898,0.038606971353830975,191.33849474562066,0.16235765358134974,171.92252499968507,202610.69571212886,0.0011118182011030972,0.15,0.00022472204186096967,1178.50
2001.09,0,0.1834883677607267,33.825756793688036,0.032380300193069415,40.35943747740533,0.03863478085982283,191.67928849756555,0.1834883677607267,172.067378586586,179748.4663666912,0.0012556159697758717,0.15,0.00022472204186096967,1044.64
2001.1,0,0.1781929872800489,33.85425673691079,0.03144582128471451,41.62886366158453,0.03866733265364209,191.84078817582784,0.1781929872800489,172.2069042412124,185396.23103704685,0.0012183530096570346,0.15,0.00022472204186096967,1076.59
2001.11,0,0.16995640150626587,33.88170840945854,0.029992306148164557,43.7171328924292,0.03869868714364173,191.99634765359843,0.16995640150626587,172.33816195557503,194686.97479797402,0.0011610957675329888,0.15,0.00022472204186096967,1129.68
2001.12,0,0.16782046855875019,33.90753336475939,0.029615376804485328,44.34105930092552,0.038728183645223305,192.14268906696987,0.16782046855875019,172.46725424048856,197462.93339756256,0.0011456304461116983,0.15,0.00022472204186096967,1144.93
2002.01,0,0.168605694428283,33.92574685483633,0.02975394607557935,44.191339631509116,0.03875719352707757,192.24589884407254,0.168605694428283,172.59710274138976,196796.94251676003,0.0011501292890490934,0.15,0.00022472204186096967,1140.21
2002.02,0,0.17475708268794407,33.94409615331872,0.03083948518022542,42.69099755220866,0.038786373347332675,192.34987820213942,0.17475708268794407,172.73307345073036,190122.1119550154,0.0011911936214608677,0.15,0.00022472204186096967,1100.67
2002.03,0,0.16680733052035684,33.963640567249854,0.0294365877388865,44.78658446795322,0.038816928962768976,192.46062988108253,0.16680733052035684,172.86106385228794,199445.3668621313,0.001136110846283408,0.15,0.00022472204186096967,1153.79
2002.04,0,0.1743164321393478,34.20488300977147,0.030761723318708436,41.59582547205863,0.03740867273304851,193.82767038870503,0.1743164321393478,172.99797161169423,192361.63457419118,0.0011863756411524705,0.15,0.00021640890030050208,1111.93
2002.05,0,0.18087244495468655,34.44822109717861,0.03191866675670939,40.405286128367536,0.037438300790704225,195.20658621734546,0.18087244495468655,173.1414057558582,186862.86216200996,0.0012300208478109797,0.15,0.00021640890030050208,1079.25
2002.06,0,0.19387670066718324,34.693209178330086,0.034213535411855865,37.99466137995813,0.037469341216108294,196.59485201053715,0.19387670066718324,173.29781311530925,175727.4484551859,0.0013173638915734733,0.15,0.00021640890030050208,1014.02
2002.07,0,0.21668060194251126,34.55125148986478,0.038237753283972574,33.88750669377656,0.037503189160766004,195.79042510923375,0.21668060194251126,173.476990528091,156752.07387127774,0.0014709842590850568,0.15,0.00021640890030050208,903.59
2002.08,0,0.2136976844856614,34.41349799601005,0.03771135608570495,34.258919930444996,0.037541964747624786,195.0098219773903,0.2136976844856614,173.65314624782903,158467.17860845636,0.0014492356583200921,0.15,0.00021640890030050208,912.55
2002.09,0,0.22380913855617754,34.27478974066525,0.03949573033344309,32.612374790252055,0.03758008641321494,194.22380853043643,0.22380913855617754,173.839375299972,150859.5482790687,0.0015162689221526985,0.15,0.00021640890030050208,867.81
2002.1,0,0.22884916898162713,34.51435858001788,0.04038514746734596,32.15151222856828,0.037620388037593204,195.581365286768,0.22884916898162713,174.03060408091605,148731.7751656733,0.001548753359153474,0.15,0.00021640890030050208,854.63
2002.11,0,0.21644198434936313,34.75536261512046,0.03819564429694643,34.26957587546729,0.037661771647783115,196.947054819016,0.21644198434936313,174.20938429361763,158518.34505029148,0.0014631772956894122,0.15,0.00021640890030050208,909.93
2002.12,0,0.22053547720874112,34.99431006998044,0.03891802538977785,33.89950077106126,0.03770046127700935,198.30109039655582,0.22053547720874112,174.39221930954935,156809.99575876057,0.001489319898870823,0.15,0.00021640890030050208,899.18
2003.01,0,0.222279479685681,35.140032190874194,0.03922579053276723,33.80902704341795,0.03774002840174356,199.12684908162046,0.222279479685681,174.5767587608333,156392.8435683049,0.0014995237244746088,0.15,0.00021640890030050208,895.84
2003.02,0,0.23888732191879555,35.28632736453343,0.04215658622096392,31.622963586211768,0.037779964381457976,199.95585506568943,0.23888732191879555,174.7778661183706,146294.31727705974,0.0016098586669533949,0.15,0.00021640890030050208,837.03
2003.03,0,0.2371817716686525,35.436212355499634,0.04185560676505632,32.02249778585527,0.037823485803544964,200.80520334783128,0.2371817716686525,174.9772244042357,148140.96749735807,0.0015965258337959517,0.15,0.00021640890030050208,846.63
2003.04,0,0.22564146707338742,35.440177930469474,0.03981908242471543,32.40767025129344,0.03641188527498336,200.827674939327,0.22564146707338742,175.1664539860341,155903.39904118993,0.0015171148725323866,0.15,0.00020809499864316017,890.03
2003.05,0,0.21457976313146782,35.44201325303446,0.0378670170232002,34.1169241217395,0.03645126300455094,200.8380751005286,0.21457976313146782,175.34458248616102,164115.51542374727,0.0014411822264484237,0.15,0.00020809499864316017,935.96
2003.06,0,0.20327459632093794,35.441523735015295,0.03587198758604787,36.05047068668864,0.03648833065454316,200.8353011650867,0.20327459632093794,175.5113687518274,173405.23232680548,0.0013638663967611337,0.15,0.00020809499864316017,988.00
2003.07,0,0.20429083132593812,35.78238030427881,0.036051323175165545,36.25057617847537,0.03652303804227071,202.7668217242466,0.20429083132593812,175.67913654511108,174368.57018648455,0.0013693822583136868,0.15,0.00020809499864316017,992.54
2003.08,0,0.20686870928134363,36.12402245208846,0.03650624281435476,36.17518794782651,0.03655794968098644,204.70279389516796,0.20686870928134363,175.84944730471142,174008.3035914311,0.0013853378203120001,0.15,0.00020809499864316017,989.53
2003.09,0,0.20270450616411853,36.46677913481453,0.0357713834407268,37.30476600956084,0.03659339049827439,206.645081763949,0.20270450616411853,176.01555842037726,179437.3008760694,0.0013561367025033352,0.15,0.00020809499864316017,1019.44
2003.1,0,0.2023288299850654,37.08794568889182,0.0357050876444233,38.04655818040388,0.03662795739066348,210.165025570387,0.2023288299850654,176.18125929297167,183004.75946538846,0.0013523458935430766,0.15,0.00020809499864316017,1038.73
2003.11,0,0.20353436958662438,37.710129640411225,0.03591782992705136,38.491894615305895,0.03666243891352119,213.69073462899695,0.20353436958662438,176.3481312236448,185147.9029717047,0.0013591241229323424,0.15,0.00020809499864316017,1049.90
2003.12,0,0.20101436044707346,38.33367502473979,0.03547312243183649,39.65642344296659,0.036697164127708196,217.22415847352548,0.20101436044707346,176.51244841996416,190746.41226055007,0.0013410263053992694,0.15,0.00020809499864316017,1080.64
2004.01,0,0.19430313433483615,38.832738652392116,0.03428878841202991,41.598997238772675,0.03673135771445332,220.05218569688864,0.19430313433483615,176.67002019658455,200082.33127303593,0.001295047033753635,0.15,0.00020809499864316017,1132.52
2004.02,0,0.19493124801360284,39.33116324626463,0.034399632002400496,42.03465581490869,0.03676414761309534,222.87659172883292,0.19493124801360284,176.82818729698505,202178.27622788082,0.0012980746804739248,0.15,0.00020809499864316017,1143.36
2004.03,0,0.20081001921949382,39.83054918864588,0.03543706221520479,41.35916106746985,0.036797061395638576,225.70644540232666,0.20081001921949382,176.9922002548089,198935.6932424001,0.0013360261451864505,0.15,0.00020809499864316017,1123.98
2004.04,0,0.20147137709972934,40.29522352054398,0.035553772429364,40.07511247203358,0.03535956136799744,228.33959994974924,0.20147137709972934,177.1583120705406,200784.1445682679,0.0013391841515493753,0.15,0.00019978033674417084,1133.36
2004.05,0,0.20945247073153322,40.76117570705651,0.0369622007173294,39.030413804063755,0.03539274724248151,230.97999567332022,0.20945247073153322,177.33237179402965,195558.59296702003,0.0013909292122333253,0.15,0.00019978033674417084,1102.78
2004.06,0,0.2062532220758449,41.22977644211189,0.0363976274251491,40.130878634328056,0.035427520952653745,233.63539983863407,0.2062532220758449,177.50319749515285,201068.52199460933,0.0013683392775168616,0.15,0.00019978033674417084,1132.76
2004.07,0,0.21359809523294077,41.68366828470839,0.03769378151169543,39.215264069750745,0.0354616485687487,236.20745361334752,0.21359809523294077,177.68133394181706,196488.9031395584,0.0014157033805066994,0.15,0.00019978033674417084,1105.85
2004.08,0,0.21929016974060037,42.14008895952872,0.038698265248341246,38.65436096264243,0.035497236728049684,238.7938374373294,0.21929016974060037,177.8651268748296,193684.45125907694,0.0014519726369986714,0.15,0.00019978033674417084,1088.94
2004.09,0,0.21598037091508707,42.598697886521684,0.03811418310266242,39.714880080585395,0.03553395494209813,241.39262135695623,0.21598037091508707,178.04557329080257,198994.4154441984,0.0014285799497760201,0.15,0.00019978033674417084,1117.66
2004.1,0,0.2173401527750802,42.8496338967966,0.0383541446073671,39.739164825586855,0.03557000458784548,242.81459208184737,0.2173401527750802,178.2273434389898,199117.3703634738,0.0014361171280839473,0.15,0.00019978033674417084,1117.21
2004.11,0,0.20894209741571101,43.10131329760963,0.036872134838066645,41.621650168624015,0.03560631868926037,244.24077535312125,0.20894209741571101,178.40067921771626,208539.68996475724,0.001379217282324157,0.15,0.00019978033674417084,1168.94
2004.12,0,0.20484963874783843,43.351365049905056,0.03614993624961854,42.740980974667075,0.035640947769504154,245.65773528279533,0.20484963874783843,178.5698879086946,214142.79527898566,0.0013508893354791905,0.15,0.00019978033674417084,1199.21
2005.01,0,0.21095263784037938,43.98027456547104,0.037226936089478704,42.14650916054372,0.035674752338767844,249.2215558710026,0.21095263784037938,178.74516579419623,211171.3263209214,0.0013898176049522745,0.15,0.00019978033674417084,1181.41
2005.02,0,0.21073188002284252,44.611815040906336,0.03718797882756044,42.83851068182552,0.03570976941375717,252.8002852318026,0.21073188002284252,178.92018790480532,214638.02501624162,0.0013870017560970189,0.15,0.00019978033674417084,1199.63
2005.03,0,0.21456621831095207,45.24444251642764,0.03786462676075624,42.71138431745404,0.03574473538995233,256.38517425975664,0.21456621831095207,179.0990093877263,214005.4063173942,0.0014108572544424916,0.15,0.00019978033674417084,1194.90
2005.04,0,0.22294300421024976,45.81203336338961,0.03934288309592642,41.663841510590466,0.03578046040602738,259.60152239254114,0.22294300421024976,179.28617193153053,208766.1971822321,0.0014644742492034726,0.15,0.00019978033674417084,1164.43
2005.05,0,0.22306754113664898,46.382827477145426,0.03936486020058511,40.44683119542162,0.03432701157231017,262.83602237049075,0.22306754113664898,179.47491246109487,211471.69985465886,0.0014637626455511425,0.15,0.0001914649144576508,1178.28
2005.06,0,0.22131755944680861,46.95512397263394,0.03905603990237799,41.3130955987032,0.03436314876165789,266.07903584492567,0.22131755944680861,179.66186687178003,215998.47944659754,0.001450752062105774,0.15,0.0001914649144576508,1202.25
2005.07,0,0.21983350918980218,47.4157602833195,0.03879414868055333,42.043765280223866,0.03439894397190721,268.6893082721438,0.21983350918980218,179.84730143699795,219816.5657083564,0.0014395244932800977,0.15,0.0001914649144576508,1222.24
2005.08,0,0.22160320545573498,47.876851119404584,0.039106448021600286,42.15706187954073,0.03443444818507415,271.30215634329267,0.22160320545573498,180.0344701942686,220410.80082473723,0.0014496167103661773,0.15,0.0001914649144576508,1224.27
2005.09,0,0.22344235056168402,48.33925524716113,0.03943100304029718,42.25781109476866,0.03447028443517412,273.9224464005797,0.22344235056168402,180.22344226039513,220939.5223358636,0.0014601279039415296,0.15,0.0001914649144576508,1225.92
2005.1,0,0.23269142898024628,48.94568394481665,0.041063193349455226,41.13032716049648,0.03450646595564992,277.35887568729436,0.23269142898024628,180.42162722341973,215055.3627852274,0.0015189734415025113,0.15,0.0001914649144576508,1191.96
2005.11,0,0.226946050970658,49.55580619227583,0.040049303112469056,42.74421836203479,0.03454441142264222,280.81623508956307,0.226946050970658,180.61402886296776,223486.3808941704,0.0014798411819692844,0.15,0.0001914649144576508,1237.37
2005.12,0,0.22524220547294474,50.1655465166893,0.039748624495225544,43.643957665128966,0.034581249586099795,284.27143026123935,0.22524220547294474,180.8046898188546,228188.1748796818,0.0014671663748180898,0.15,0.0001914649144576508,1262.07
2006.01,0,0.2244452265147485,50.64791373550664,0.03960798114966149,44.26676117305109,0.03461775446970908,287.00484450120433,0.2244452265147485,180.99451729089964,231443.1190953921,0.001460433398762835,0.15,0.0001914649144576508,1278.73
2006.02,0,0.22695496528402345,51.13095113467916,0.040050876226592376,44.241156471888694,0.0346540997704059,289.74205642984856,0.22695496528402345,181.18681815641327,231312.151399385,0.0014752150811368294,0.15,0.0001914649144576508,1276.65
2006.03,0,0.22607971513576655,51.61559482230823,0.039896420318076456,44.881029080241866,0.0346909186391716,292.48837065974664,0.22607971513576655,181.37820695290986,234656.2414632576,0.001467966258032268,0.15,0.0001914649144576508,1293.74
2006.04,0,0.22699108713143443,52.161350105283525,0.04005725067025313,45.22119055378408,0.03472756287872097,295.58098392994,0.22699108713143443,181.5704704771626,236435.61954124682,0.0014723286898024068,0.15,0.0001914649144576508,1302.17
2006.05,0,0.2315337848821032,52.708393735722694,0.0408589032144888,44.84639087509547,0.03476437459794535,298.6808978357619,0.2315337848821032,181.76723988744675,234481.5571272052,0.0015002036805916233,0.15,0.0001914649144576508,1290.01
2006.06,0,0.24082463456125192,53.2578012870219,0.04249846492257387,43.61288379076152,0.03480204903625328,301.7942072931241,0.24082463456125192,181.97326247297175,228043.43333325404,0.0015587137685496247,0.15,0.0001914649144576508,1253.17
2006.07,0,0.24199519414251353,53.818592376381396,0.042705034260443565,42.00149575105166,0.033328172214063714,304.97202346616126,0.24199519414251353,182.1819294949002,229592.95482665303,0.0015645168116126028,0.15,0.0001831487316386049,1260.24
2006.08,0,0.23941322591820974,54.381305954227706,0.042249392809095836,42.94754800611326,0.033366389314464714,308.1607337406237,0.23941322591820974,182.38797633150395,234760.6837350953,0.0015460513537660723,0.15,0.0001831487316386049,1287.15
2006.09,0,0.236276863869887,54.94437786986557,0.04169591715350947,44.01795369528521,0.03340412653124684,311.3514745959049,0.236276863869887,182.59084906884257,240607.26545197662,0.0015240740459675909,0.15,0.0001831487316386049,1317.74
2006.1,0,0.23108781855996702,55.59891354146256,0.04078020327528829,45.593175620018584,0.03344128241577446,315.06051006828784,0.23108781855996702,182.78849560498676,249210.17913792687,0.001488946588625328,0.15,0.0001831487316386049,1363.38
2006.11,0,0.22955402693315993,56.25315952243468,0.04050953416467527,46.488169393838696,0.03347748112818203,318.76790396046323,0.22955402693315993,182.98457215079173,254099.69627147546,0.001477464761685294,0.15,0.0001831487316386049,1388.64
2006.12,0,0.2276724495468001,56.90820193889623,0.040177491096494135,47.469039119937534,0.033513392298850295,322.4798109870786,0.2276724495468001,183.17873120803966,259458.01845769156,0.001463784282439766,0.15,0.0001831487316386049,1416.42
2007.01,0,0.2285278776259595,57.43416391760938,0.04032844899281638,47.7790758846695,0.0335489522839214,325.4602621997865,0.2285278776259595,183.3737101333817,261153.5030235569,0.0014677267652510953,0.15,0.0001831487316386049,1424.16
2007.02,0,0.2273309715873446,57.961374308716856,0.04011723028011964,48.52312027423205,0.03358466242679405,328.4477877493955,0.2273309715873446,183.56745644254227,265218.26106818503,0.0014584871608527132,0.15,0.0001831487316386049,1444.80
2007.03,0,0.23557247325848715,58.48918080900502,0.041571612927968314,47.301865564989214,0.03362014681757647,331.4386912510285,0.23557247325848715,183.76940876898317,258554.3696675209,0.0015097669900612436,0.15,0.0001831487316386049,1406.95
2007.04,0,0.2287132415634991,59.07420862623526,0.0403611602759116,49.261927798056014,0.03365713413001559,334.75384888199983,0.2287132415634991,183.96446487641666,269257.7493717185,0.0014641958291200933,0.15,0.0001831487316386049,1463.64
2007.05,0,0.22371375620322675,59.65814215569601,0.0394788981535106,50.9146260557084,0.03369285840869039,338.0628055489441,0.22371375620322675,184.1544857742112,278283.2096328415,0.0014306711599631182,0.15,0.0001831487316386049,1511.14
2007.06,0,0.2254464135282693,60.24153615888884,0.039784661210871056,51.070086245084994,0.03372766049510629,341.3687049003701,0.2254464135282693,184.34620452724434,279135.17943310813,0.0014402639915290245,0.15,0.0001831487316386049,1514.19
2007.07,0,0.2270033042970363,60.91874027250813,0.04005940664065347,51.34338735237908,0.033762773541555643,345.20619487754607,0.2270033042970363,184.5394450579998,280630.9794941509,0.0014487019769274438,0.15,0.0001831487316386049,1520.71
2007.08,0,0.2399621845720376,61.59772816273717,0.042346267865653694,49.163487208198234,0.03379816529966468,349.0537929221773,0.2399621845720376,184.7456090772722,268734.6578759817,0.0015298000508723929,0.15,0.0001831487316386049,1454.62
2007.09,0,0.23574155240795258,62.28236346017539,0.0416014504249328,48.35608549249458,0.03229940518628739,352.93339294099394,0.23574155240795258,184.94905122449387,276890.92356921424,0.00150121566741477,0.15,0.00017483178814159395,1497.12
2007.1,0,0.23163610624481415,62.936620118980684,0.040876959925555435,49.78486505369523,0.032334973340669516,356.64084734089056,0.23163610624481415,185.148352357398,285065.5121905914,0.0014734493870941204,0.15,0.00017483178814159395,1539.66
2007.11,0,0.24624164211320157,63.59074529153612,0.04345440743174145,47.36966725197899,0.032369817514113795,360.34755665203807,0.24624164211320157,185.3622241819971,271257.22524569277,0.001564669876109581,0.15,0.00017483178814159395,1463.39
2007.12,0,0.24613649451973355,64.25118095708476,0.04343585197407063,47.93739185620555,0.03240720910764156,364.09002542348026,0.24613649451973355,185.5759534674092,274507.66188806103,0.0015621971940166666,0.15,0.00017483178814159395,1479.22
2008.01,0,0.26618655698408683,64.7660077601258,0.04697409829130944,44.73328330351979,0.03244457578078838,367.00737730737956,0.26618655698408683,185.80969544861247,256186.97569672894,0.0016875066484860794,0.15,0.00017483178814159395,1378.76
2008.02,0,0.27306703215077355,65.2888817382562,0.048188299791312963,44.01354986676639,0.03248544130932591,369.9703298501185,0.27306703215077355,186.05027703945393,252073.93885244493,0.0017289481647685756,0.15,0.00017483178814159395,1354.87
2008.03,0,0.2831968688895004,65.81528550270683,0.0499759180393236,42.83676929912732,0.03252750261904667,372.9532845153387,0.2831968688895004,186.30094640572437,245347.16835955466,0.0017907674862433622,0.15,0.00017483178814159395,1316.94
2008.04,0,0.27381794071351234,66.22222468405539,0.04832081306709041,44.63802732580867,0.032571327592584055,375.25927320964723,0.27381794071351234,186.5421930188453,255650.47926653692,0.001729131064525309,0.15,0.00017483178814159395,1370.47
2008.05,0,0.26906046864390953,66.62665249597177,0.04748125917245462,45.76392272371999,0.032613505169339085,377.55103081050675,0.26906046864390953,186.77863998231987,262091.52319599089,0.0016968907821534281,0.15,0.00017483178814159395,1403.22
2008.06,0,0.28319680278400394,67.03018442365504,0.04997590637364775,43.79830899830221,0.032654843614764,379.8377117340453,0.28319680278400394,187.02918194148913,250852.89027902228,0.001783783783783784,0.15,0.00017483178814159395,1341.25
2008.07,0,0.3029956017061116,67.22919880467269,0.0534698120657844,41.11298896934045,0.03269864631349006,380.9654598931453,0.3029956017061116,187.29947889688174,235497.25380141631,0.001905934732064507,0.15,0.00017483178814159395,1257.33
2008.08,0,0.29820062585574597,67.43561576741696,0.052623639856896345,41.96289207845503,0.03274590281353058,382.1351560153628,0.29820062585574597,187.56493361992395,240358.83548592395,0.0018730658930759204,0.15,0.00017483178814159395,1281.47
2008.09,0,0.3149650824256396,67.64060418668507,0.0555820733692305,39.906604985816266,0.032792312737430676,383.29675705788213,0.3149650824256396,187.84710638961215,228600.53612083851,0.001975567333634633,0.15,0.00017483178814159395,1216.95
2008.1,0,0.39413002168746825,67.3823232372034,0.06955235676837675,31.816986167491745,0.03284164550732013,381.83316501081924,0.39413002168746825,188.2083947657923,182336.29284909955,0.002468403093173686,0.15,0.00017483178814159395,968.80
2008.11,0,0.43092429301203294,67.15118606494333,0.0760454634727117,29.05626359915147,0.032904810200162476,380.52338770134554,0.43092429301203294,188.60641424860415,166547.0080380874,0.002693661763151537,0.15,0.00017483178814159395,883.04
2008.12,0,0.4321979584909856,66.93170125647339,0.07627022796899743,28.937011531245084,0.03297439665805767,379.27964045334926,0.4321979584909856,189.00563781043707,165863.78751692714,0.002695922026224228,0.15,0.00017483178814159395,877.56
2009.01,0,0.43322981197672766,66.17559893837928,0.07645231976059899,27.241620852026966,0.03147210061695853,374.99506065081596,0.43322981197672766,189.40739552179684,163947.25341575692,0.0026966504155209996,0.15,0.00016651408382073463,865.58
2009.02,0,0.4603578467774382,65.41657922834057,0.08123962001954792,25.396148111772593,0.031538998934183514,370.6939489605966,0.4603578467774382,189.8362143696401,152861.81489686528,0.002859431466785887,0.15,0.00016651408382073463,805.23
2009.03,0,0.4839637089333832,64.66296051965865,0.08540536040000879,23.93318465943073,0.0316104033117572,366.4234429447324,0.4839637089333832,190.2885676752617,144073.18324397088,0.002999264767389132,0.15,0.00016651408382073463,757.13
2009.04,0,0.4242626055103669,63.50088156416783,0.07486987156065299,26.874248937765337,0.03168572650800606,359.8383288636177,0.4242626055103669,190.68114455426405,161726.21275369904,0.0026230292401108295,0.15,0.00016651408382073463,848.15
2009.05,0,0.3912933662883992,62.31300823629076,0.06905177052148222,28.652506620178603,0.03175109608734234,353.1070466723143,0.3912933662883992,191.04068682446513,172397.02619726557,0.0024142142522061293,0.15,0.00016651408382073463,902.41
2009.06,0,0.37390956350710064,61.10913969797577,0.0659840406189001,29.46077084936197,0.0318109649390597,346.28512495519607,0.37390956350710064,191.38278542303317,177243.4252359795,0.0023026173713989544,0.15,0.00016651408382073463,926.12
2009.07,0,0.36253608726994324,59.870915503933816,0.0639769565770488,29.822645479403633,0.031867929173776614,339.2685211889583,0.36253608726994324,191.71345358112933,179409.28413029245,0.002228586248780036,0.15,0.00016651408382073463,935.82
2009.08,0,0.3290035906632571,58.62437569419011,0.058059457175868905,32.23360077264102,0.03192299007917069,332.2047956004106,0.3290035906632571,192.0105341817134,193878.79667930148,0.002018966538909741,0.15,0.00016651408382073463,1009.73
2009.09,0,0.3111941347870302,57.363147086786874,0.05491661202124061,33.39683119525932,0.031972458183197855,325.05783349179234,0.3111941347870302,192.28975585831725,200856.26448180526,0.0019067221929698593,0.15,0.00016651408382073463,1044.55
2009.1,0,0.2985647748748637,56.25276486051124,0.05268790144850537,34.1853548526925,0.032018952524860436,318.765667542897,0.2985647748748637,192.55630168066727,205584.66105238124,0.0018266842908791186,0.15,0.00016651408382073463,1067.66
2009.11,0,0.2871444866558828,55.13528851688231,0.05067255646868521,34.887154173723715,0.032063336158265295,312.4333015956664,0.2871444866558828,192.81138283116488,209792.28131710555,0.0017543806158304765,0.15,0.00016651408382073463,1088.07
2009.12,0,0.2756389423635335,54.01128861558006,0.048642166299447086,35.64965015428747,0.03210581076234034,306.06396882162034,0.2756389423635335,193.05491596276607,214364.3175867362,0.0016818566616833874,0.15,0.00016651408382073463,1110.38
2010.01,0,0.27071630158287185,53.67730978808526,0.047773464985212684,36.11900993126627,0.03214636245862891,304.17142213248314,0.27071630158287185,193.2934859018903,217180.6948896459,0.001649736630532168,0.15,0.00016651408382073463,1123.58
2010.02,0,0.2775215558546986,53.340949019065334,0.048974392209652697,35.05579929400228,0.03218608771346935,302.26537777470355,0.2775215558546986,193.53882137003154,210794.74268338358,0.001689120285357523,0.15,0.00016651408382073463,1089.16
2010.03,0,0.2607214848736877,53.00544470271739,0.046009673801239,37.12704567882652,0.032226939524175616,300.3641866487319,0.2607214848736877,193.76731591538106,223229.63630031474,0.0015848559813665497,0.15,0.00016651408382073463,1152.05
2010.04,0,0.2516566616266312,53.17298013508201,0.04440999911058197,38.631514335477775,0.03226498708405253,301.313554098798,0.2516566616266312,193.98670758992364,232264.16473156735,0.0015279494342921415,0.15,0.00016651408382073463,1197.32
2010.05,0,0.2686524761560594,53.33826261602403,0.04740926049812813,34.525669364017844,0.0306878471939433,302.2501548241362,0.2686524761560594,194.22467221888576,218514.4097265796,0.0016292958449623427,0.15,0.00015819561853080977,1125.06
2010.06,0,0.27988580353011355,53.50889719630303,0.04939161238766711,33.2867691817021,0.030725492155610417,303.2170841123838,0.27988580353011355,194.47383253026027,210685.17120998274,0.0016953428838674743,0.15,0.00015819561853080977,1083.36
2010.07,0,0.28252956781134053,53.83684011576803,0.04985815902553068,33.21994790155113,0.030764908225181638,305.07542732268547,0.28252956781134053,194.7255971898464,210264.69984559616,0.0017091642742483178,0.15,0.00015819561853080977,1079.80
2010.08,0,0.28230228369617216,54.16616947361895,0.04981805006403038,33.493373674727536,0.030804736291229064,306.9416270171741,0.28230228369617216,194.97709473725135,211994.69556591864,0.001705581282343708,0.15,0.00015819561853080977,1087.28
2010.09,0,0.2752131950318604,54.49609797906175,0.048567034417387134,34.61002135942644,0.03084452210129977,308.8112218813499,0.2752131950318604,195.2214634101819,219054.09966329692,0.0016606064927040258,0.15,0.00015819561853080977,1122.08
2010.1,0,0.26537132156352033,54.86536463248044,0.04683023321709183,36.18211620560075,0.030883180154663573,310.90373291738916,0.26537132156352033,195.45595155159077,228992.28371881272,0.0015992173674297388,0.15,0.00015819561853080977,1171.58
2010.11,0,0.2610620704992885,55.23259512368683,0.04606977714693326,37.070008676060404,0.03092027515123189,312.984705700892,0.2610620704992885,195.68609334693883,234606.10045271151,0.0015713609394245231,0.15,0.00015819561853080977,1198.89
2010.12,0,0.2537697549602461,55.599311272198996,0.04478289793416107,38.433650117211585,0.03095668257489677,315.06276387579436,0.2537697549602461,195.90890641932418,243226.78458678356,0.0015256712819397573,0.15,0.00015819561853080977,1241.53
2011.01,0,0.24844415060623712,56.234018197159735,0.04384308540110067,39.75087006041733,0.030991930626699516,318.65943645057183,0.24844415060623712,196.12635863930373,251555.59011794374,0.0014919548138445787,0.15,0.00015819561853080977,1282.62
2011.02,0,0.2439253661405176,56.86847289098127,0.04304565284832663,40.989505902273855,0.03102633061514008,322.2546797155606,0.2439253661405176,196.33925767482913,259387.72009937023,0.0014631945495740988,0.15,0.00015819561853080977,1321.12
2011.03,0,0.24979075387207897,57.50286009151558,0.04408072127154335,40.5174728489653,0.03106001030974963,325.8495405185883,0.24979075387207897,196.55798841839146,256407.9303119075,0.0014967535205329286,0.15,0.00015819561853080977,1304.49
2011.04,0,0.24816622756633777,58.312202411797834,0.043794040158765486,41.402787563133586,0.03109461255501918,330.4358136668544,0.24816622756633777,196.77506003340278,262007.96018507614,0.0014853645485201012,0.15,0.00015819561853080977,1331.51
2011.05,0,0.2503371231340724,59.12270739909889,0.04417713937660101,41.660188197341164,0.03112895233342138,335.0286752615604,0.2503371231340724,196.99426820420342,263639.39908036747,0.0014967052352095804,0.15,0.00015819561853080977,1338.31
2011.06,0,0.2638368468434181,59.935506101128894,0.0465594435606032,40.11662939862262,0.031163630105588192,339.6345345730637,0.2638368468434181,197.22694142094124,253888.26942176346,0.0015756615318485605,0.15,0.00015819561853080977,1287.29
2011.07,0,0.2595456879841153,60.69659122229467,0.04580218023249094,41.34650841867682,0.031200437989025585,343.9473502596698,0.2595456879841153,197.45528667093635,261665.77134345815,0.0015482056661057409,0.15,0.00015819561853080977,1325.19
2011.08,0,0.29381491919064545,61.45795797632893,0.05184969162187861,37.02500836437245,0.03123656120708713,348.26176186586395,0.29381491919064545,197.7178650289199,234356.96259742902,0.0017505968902649938,0.15,0.00015819561853080977,1185.31
2011.09,0,0.30041085014467495,62.23169801785253,0.05301367943729557,36.71673597264117,0.03127809995284114,352.64628876783104,0.30041085014467495,197.98699777911176,232412.97695294375,0.001787519451164798,0.15,0.00015819561853080977,1173.88
2011.1,0,0.297352330465133,63.34759065602079,0.05247394067031758,37.810945967319086,0.03132067557472464,358.96968038411785,0.297352330465133,198.25302943400217,239335.0221933161,0.0017669153785833016,0.15,0.00015819561853080977,1207.22
2011.11,0,0.2978614423815301,64.46527591156874,0.05256378394968179,36.44116785228348,0.029713448779605255,365.3032301655562,0.2978614423815301,198.5211774276041,243470.34242076223,0.00176756555666085,0.15,0.00014987639212593606,1226.42
2011.12,0,0.2989226098604168,65.58643399264471,0.05275104879889708,36.99329299107526,0.02975363783344212,371.6564592916534,0.2989226098604168,198.7903463996311,247160.01348558933,0.0017714667181417496,0.15,0.00014987639212593606,1243.32
2012.01,0,0.28946973659997516,66.43739118126982,0.05108289469411326,38.74945438854085,0.029793979907841772,376.47855002719564,0.28946973659997516,199.05002215632322,258880.47781607084,0.0017131245931302447,0.15,0.00014987639212593606,1300.58
2012.02,0,0.2819201144990722,67.28720041038534,0.049750608441012756,40.348697803001144,0.02983289917337736,381.2941356588502,0.2819201144990722,199.3021093716489,269554.1099040614,0.0016662682040779106,0.15,0.00014987639212593606,1352.49
2012.03,0,0.2779262874915666,68.13640864143247,0.04904581543968822,41.49754500540617,0.029870681095711445,386.106315634784,0.2779262874915666,199.55016497804476,277223.0711940989,0.0016405852600462603,0.15,0.00014987639212593606,1389.24
2012.04,0,0.2821326140276354,69.02772707052962,0.04978810835781801,41.46515264148518,0.02990785877504467,391.1571200663345,0.2821326140276354,199.80238973329736,277012.02719793544,0.0016633447655729702,0.15,0.00014987639212593606,1386.43
2012.05,0,0.295412235262863,69.9225121395918,0.052131570928740524,40.16521714709692,0.029945661311366778,396.22756879102025,0.295412235262863,200.06785630724886,268345.0136292237,0.0017394376846819307,0.15,0.00014987639212593606,1341.27
2012.06,0,0.30324305599808177,70.82402113276609,0.053513480470249716,39.68514135920815,0.02998544848370066,401.33611975234123,0.30324305599808177,200.34111391476324,265147.4574439109,0.001783177683077946,0.15,0.00014987639212593606,1323.48
2012.07,0,0.29996890723845815,71.98089188553716,0.05293568951266908,40.82930274459223,0.03002640334803588,407.8917206847106,0.29996890723845815,200.61105641865365,272786.90229695686,0.001761518591242701,0.15,0.00014987639212593606,1359.78
2012.08,0,0.2953128894996212,73.13944848851354,0.05211403932346256,42.197336570920854,0.030066861356600416,414.4568747682434,0.2953128894996212,200.87630244679667,281919.8466689568,0.0017318433740662888,0.15,0.00014987639212593606,1403.45
2012.09,0,0.291688046502439,74.29912236750891,0.05147436114748923,43.45649090794908,0.03010661547432423,421.02836008255053,0.291688046502439,201.13788387782478,290326.44434692984,0.001708326982675405,0.15,0.00014987639212593606,1443.42
2012.1,0,0.29868836622733913,75.78707765805754,0.052709711687177495,43.344263423478665,0.03014582035545386,429.46010672899274,0.29868836622733913,201.40642642369667,289586.18804051954,0.001747050685528555,0.15,0.00014987639212593606,1437.82
2012.11,0,0.3140368362991293,77.28132504485274,0.055418265229258114,42.09477444440298,0.030186068543361453,437.92750858749883,0.3140368362991293,201.69027719145242,281259.1084462523,0.0018343759337210443,0.15,0.00014987639212593606,1394.51
2012.12,0,0.31389507929102334,78.7852645279111,0.055393249286651174,42.99385124207115,0.030228611072334863,446.4498323248296,0.31389507929102334,201.9739436596711,287265.52032771363,0.0018309674304583922,0.15,0.00014987639212593606,1422.29
2013.01,0,0.30476826383021693,79.61981254839762,0.053782634793567693,44.81337489954637,0.030271125979158583,451.1789377742532,0.30476826383021693,202.24844079752216,299408.5917566518,0.0017752334391605872,0.15,0.00014987639212593606,1480.40
2013.02,0,0.30145861618957004,80.45274350287916,0.053198579327571174,45.84154393183298,0.030312266619828596,455.8988798496486,0.30145861618957004,202.5195871470919,306272.39683841856,0.001753571963861025,0.15,0.00014987639212593606,1512.31
2013.03,0,0.2970166702023622,81.28629929116401,0.052414706506299216,47.07219574867919,0.030352905056440227,460.6223626499294,0.2970166702023622,202.78625091223782,314487.00150222576,0.0017254201513598095,0.15,0.00014987639212593606,1550.83
2013.04,0,0.2971814943370484,82.373465850918,0.05244379311830266,47.73808351553112,0.030392871659471014,466.78297315520194,0.2971814943370484,203.0530395349154,318935.40919749165,0.0017241074573969143,0.15,0.00014987639212593606,1570.70
2013.05,0,0.2884174476542158,83.46325894610985,0.0508971966448616,47.1346724806163,0.02874345819141886,472.9584673612892,0.2884174476542158,203.31271352437818,333400.3201458163,0.0016710640977168506,0.15,0.00014155640446089635,1639.84
2013.06,0,0.2959851143209893,84.55267473695079,0.05223266723311576,46.58855139992228,0.02878021670769923,479.13182350938786,0.2959851143209893,203.57991842199147,329549.06454396714,0.0017127201517201335,0.15,0.00014155640446089635,1618.77
2013.07,0,0.29076464953222136,85.6223215378989,0.05131140874098023,48.08808911019433,0.028818041272259707,485.1931553814271,0.29076464953222136,203.84186503025143,340146.84333868,0.0016803035433196698,0.15,0.00014155640446089635,1668.68
2013.08,0,0.2941494522887741,86.69224566581623,0.05190872687448954,48.19064985305145,0.028855121492285713,491.2560587729587,0.2941494522887741,204.1071593610479,340877.3257772925,0.0016976796160685951,0.15,0.00014155640446089635,1670.09
2013.09,0,0.29477830428651924,87.76607852525059,0.05201970075644457,48.74685549859336,0.02889267560387712,497.3411116430867,0.29477830428651924,204.37304498973054,344812.0703153237,0.0016990977000934503,0.15,0.00014155640446089635,1687.17
2013.1,0,0.2911786545434705,88.38282726607157,0.05138446844884774,49.761006987453094,0.02893031341747126,500.8360211744056,0.2911786545434705,204.63529333085654,351978.84358787315,0.0016761658711379062,0.15,0.00014155640446089635,1720.03
2013.11,0,0.28276874076047237,88.99929880516463,0.04990036601655395,51.66458142717407,0.028967436349716894,504.3293598959329,0.28276874076047237,204.8890946352673,365427.89584578463,0.0016256682870396328,0.15,0.00014155640446089635,1783.54
2013.12,0,0.2809020367566298,89.61336776610004,0.04957094766293467,52.431700558087755,0.029003363549816766,507.8090840079002,0.2809020367566298,205.14099330847412,370849.7848831933,0.0016129359398451878,0.15,0.00014155640446089635,1807.78
2014.01,0,0.28229300025530446,90.78343622563352,0.04981641180975961,52.919551075469464,0.029039021420284392,514.4394719452566,0.28229300025530446,205.39424728730913,374302.2604865006,0.001618932455716763,0.15,0.00014155640446089635,1822.36
2014.02,0,0.28677853152124816,91.95671698506507,0.0506079761508085,52.83020386157441,0.029074871142943694,521.0880629153687,0.28677853152124816,205.65195094768742,373677.82094998594,0.0016426288083916702,0.15,0.00014155640446089635,1817.04
2014.03,0,0.2832075255166525,93.13462728543394,0.04997779862058574,54.24958434316102,0.029111350746523258,527.7628879507923,0.2832075255166525,205.90604712245755,383710.0369336421,0.0016201418104805243,0.15,0.00014155640446089635,1863.52
2014.04,0,0.2864438914773599,94.23633337510286,0.05054892202541644,54.3381822004528,0.029147319687410984,534.0058891255829,0.2864438914773599,206.1633436942475,384342.0751154378,0.001636633883328148,0.15,0.00014155640446089635,1864.26
2014.05,0,0.2858925110870296,95.34195717828281,0.05045161960359346,55.150559486255105,0.02918374166499368,540.271090676936,0.2858925110870296,206.42005246366955,390086.4225442688,0.0016314448760078389,0.15,0.00014155640446089635,1889.77
2014.06,0,0.2807002726687935,96.4497695136496,0.04953534223566944,56.89412641493699,0.02922008043538665,546.5486939106811,0.2807002726687935,206.67153265590295,402408.0745189821,0.0015998233260917575,0.15,0.00014155640446089635,1947.09
2014.07,0,0.28008264508034253,97.52312947200421,0.049426349131825156,57.72438036747722,0.029255679067192345,552.6310670080238,0.28008264508034253,206.9223596219161,408278.5077700026,0.0015943608196915177,0.15,0.00014155640446089635,1973.10
2014.08,0,0.2848413524336158,98.598504359843,0.0502661210176969,57.45553856546316,0.029291185230643,558.7248580391104,0.2848413524336158,207.17790978911904,406385.6853886507,0.0016194841101928935,0.15,0.00014155640446089635,1961.53
2014.09,0,0.28338158356100873,99.6784718472899,0.05000851474606036,58.45617375978746,0.029327359993471632,564.8446738013095,0.28338158356100873,207.4319640126866,413459.6136290073,0.0016091971322928112,0.15,0.00014155640446089635,1993.23
2014.1,0,0.2943266245673407,100.6217894074539,0.05193999257070718,56.88468474026324,0.02936332299589796,570.1901399755722,0.2943266245673407,207.69692731425803,402365.02637809265,0.0016693021193053454,0.15,0.00014155640446089635,1937.27
2014.11,0,0.28151504728922777,101.57245062990641,0.04967912599221666,60.112055500526495,0.0294008302481825,575.5772202361364,0.28151504728922777,207.94904153129906,425166.3718436481,0.0015946031439373562,0.15,0.00014155640446089635,2044.57
2014.12,0,0.282796470615485,102.51887747493043,0.04990525952037971,60.47055712658483,0.0294365186302603,580.9403056912724,0.282796470615485,208.2024014832843,427703.94729506643,0.0015999195172332102,0.15,0.00014155640446089635,2054.27
2015.01,0,0.2901281134771727,103.84094773978802,0.051199078848912824,59.77529847111391,0.029472383354097718,588.4320371921322,0.2901281134771727,208.46305721340738,422800.60337908857,0.0016394008421343272,0.15,0.00014155640446089635,2028.18
2015.02,0,0.2861461316867112,105.14355448201235,0.05049637618000786,57.83250543548901,0.02777471205239123,595.8134753980701,0.2861461316867112,208.7214286330417,434599.7586997194,0.0016148784939006822,0.15,0.0001332356553898073,2082.20
2015.03,0,0.29007484319384824,106.4740187814304,0.051189678210679095,57.84272549130264,0.027809136337820204,603.3527730947724,0.29007484319384824,208.98369433989774,434683.99439004384,0.001635023886332787,0.15,0.0001332356553898073,2079.99
2015.04,0,0.29056826727355306,107.41761889070742,0.05127675304827407,58.32944834190167,0.02784407948115944,608.6998403806754,0.29056826727355306,209.24641852769014,438341.952316917,0.001635749723927454,0.15,0.0001332356553898073,2094.86
2015.05,0,0.29075625774019276,108.36348899502752,0.0513099278365046,58.87895205156755,0.027879083710506715,614.0597709718227,0.29075625774019276,209.50929570171982,442471.06196429016,0.0016347528812371563,0.15,0.0001332356553898073,2111.94
2015.06,0,0.29506723313601735,109.31147503237231,0.05207068820047364,58.59980846154934,0.02791410832307558,619.4316918501098,0.29506723313601735,209.77644882653277,440381.601257052,0.0016569093995271419,0.15,0.0001332356553898073,2099.29
2015.07,0,0.2980149060038656,110.13263563392971,0.052590865765388045,58.53059029647565,0.02794970264474947,624.084935258935,0.2980149060038656,210.04651402989188,439866.80689055775,0.0016713304745623503,0.15,0.0001332356553898073,2094.14
2015.08,0,0.3081607910920178,110.93081522203666,0.05438131607506197,57.08715917755399,0.027985684959117,628.6079529248743,0.3081607910920178,210.32668913602478,429039.10336790286,0.0017260086835599003,0.15,0.0001332356553898073,2039.87
2015.09,0,0.32571317357178403,111.76234443965517,0.05747879533619718,54.488229182576625,0.028023014273006526,633.3199518247126,0.32571317357178403,210.62437929532356,409540.1493456201,0.0018218894163268035,0.15,0.0001332356553898073,1944.41
2015.1,0,0.315359421326934,112.6840429229981,0.055651662587106,56.82158945470855,0.028062677216483794,638.5429098969893,0.315359421326934,210.911676039434,427056.0707614064,0.001761482147296125,0.15,0.0001332356553898073,2024.81
2015.11,0,0.3094730277395146,113.62866546624507,0.054612887248149625,58.467409796211165,0.02810095538647671,643.8957709753888,0.3094730277395146,211.19304811178708,439412.4797623464,0.0017262482657413017,0.15,0.0001332356553898073,2080.62
2015.12,0,0.3160018274172572,114.5458294696305,0.05576502836775126,57.79861541908746,0.02813844417894506,649.0930336612396,0.3160018274172572,211.4809114950254,434398.71068370173,0.0017603176766889962,0.15,0.0001332356553898073,2054.08
2016.01,0,0.34002634912901347,115.12492119510445,0.06000464984629649,54.060004346325535,0.028176797845473542,652.3745534389252,0.34002634912901347,211.79276104630893,406345.59134344826,0.0018915702421904862,0.15,0.0001332356553898073,1918.60
2016.02,0,0.34440243337441895,115.74474391180782,0.0607769000072504,53.73958501233717,0.02821834732482182,655.8868821669109,0.34440243337441895,212.10894513235854,403944.5172889663,0.0019130934002653474,0.15,0.0001332356553898073,1904.42
2016.03,0,0.32605650632420474,116.34175640509866,0.05753938346897731,57.14126604879751,0.028260474318750468,659.2699529622258,0.32605650632420474,212.40674116436398,429475.81029728573,0.0018084852081736277,0.15,0.0001332356553898073,2021.95
2016.04,0,0.3194610527319192,117.009563538919,0.056375479893868104,58.73809617085178,0.028300151368247196,663.0541933872076,0.3194610527319192,212.69790206572765,441463.00365350035,0.0017694190427551383,0.15,0.0001332356553898073,2075.54
2016.05,0,0.32290494484044996,117.70170155562204,0.05698322556007941,58.535506567753195,0.02833894438176427,666.9763088151915,0.32290494484044996,212.99246806618632,439946.5924141112,0.0017860456859754867,0.15,0.0001332356553898073,2065.55
2016.06,0,0.32188192757652145,118.37056412778304,0.05680269310173908,59.13702860113836,0.028378191075890936,670.7665300574373,0.32188192757652145,213.28597180268696,444464.5037799013,0.0017779249384564447,0.15,0.0001332356553898073,2083.89
2016.07,0,0.31391005649562864,119.04023301237466,0.055395892322757996,61.06592788709092,0.028417296238582957,674.5613204034564,0.31391005649562864,213.571464562944,458943.72019931034,0.0017315060418508694,0.15,0.0001332356553898073,2148.90
2016.08,0,0.31246162587623116,119.70680588753011,0.05514028691933491,61.77510746367344,0.02845533405360485,678.338566696004,0.31246162587623116,213.85547085476662,464269.5344521556,0.001721212679548892,0.15,0.0001332356553898073,2170.95
2016.09,0,0.3161338080192868,120.37389815737676,0.05578831906222708,61.47943621542659,0.028493173818030664,682.118756225135,0.3161338080192868,214.1431114889679,462054.45022863115,0.0017391284197451904,0.15,0.0001332356553898073,2157.69
2016.1,0,0.32028319169693653,121.12469743594747,0.05652056324063586,61.14357042916822,0.028531497806445212,686.373285470369,0.32028319169693653,214.43486318285838,459538.2004981292,0.0017595884934967167,0.15,0.0001332356553898073,2143.02
2016.11,0,0.3190785692975849,121.90621971945497,0.05630798281722085,57.991308570403916,0.026785947542669445,690.8019117435782,0.3190785692975849,214.7271558046133,464882.1450454297,0.0017505854530505914,0.15,0.00012491414476678564,2164.99
2016.12,0,0.30939215503629147,122.66288775338533,0.054598615594639674,60.260141120543544,0.0268224590255376,695.0896972691836,0.30939215503629147,215.00972550062403,483047.299601467,0.0016951315229180297,0.15,0.00012491414476678564,2246.63
2017.01,0,0.30745950354293083,123.44245865304578,0.0542575594487525,61.104617779420124,0.026857755977451794,699.5072657005928,0.30745950354293083,215.2903272481895,489811.32932890084,0.001682328844192834,0.15,0.00012491414476678564,2275.12
2017.02,0,0.3020610707469514,124.19560753129932,0.053304894837697306,62.657820201472326,0.026892807104768997,703.7751093440295,0.3020610707469514,215.5654955118317,502248.20364797174,0.0016506360045380867,0.15,0.00012491414476678564,2329.91
2017.03,0,0.29921436532150525,124.97409602298443,0.05280253505673622,63.7317870151689,0.026927179513088824,708.1865441302451,0.29921436532150525,215.83778269764014,510849.18084442866,0.001632992792016292,0.15,0.00012491414476678564,2366.82
2017.04,0,0.30236037582920094,125.8873867583986,0.0533577133816237,63.60980997781921,0.02696119203403504,713.3618582975921,0.30236037582920094,216.1131818814353,509877.99114468915,0.001648080724166529,0.15,0.00012491414476678564,2359.31
2017.05,0,0.29998051237771056,126.80440946893215,0.052937737478419504,64.66389438132879,0.026995593287548286,718.5583203239489,0.29998051237771056,216.38616680052547,518320.60464563867,0.001633025097237008,0.15,0.00012491414476678564,2395.35
2017.06,0,0.29735439808958036,127.72193495401017,0.05247430554522006,65.79000238049046,0.027029692965250665,723.7576314060576,0.29735439808958036,216.6564915056498,527339.7337598365,0.0016166870036442222,0.15,0.00012491414476678564,2433.99
2017.07,0,0.2972872663859053,128.7481200772324,0.05246245877398329,66.41643803168434,0.027063460344600603,729.5726804376502,0.2972872663859053,216.92671531169108,532359.852046421,0.0016143053121986336,0.15,0.00012491414476678564,2454.10
2017.08,0,0.2993404441416335,129.74929159580523,0.05282478426028826,66.5567217226061,0.027097215120227874,735.245985709563,0.2993404441416335,217.19895854071248,533488.4259468687,0.0016234294973577288,0.15,0.00012491414476678564,2456.22
2017.09,0,0.2972881919808399,130.7809229113265,0.05246262211426586,67.63379582527759,0.027131222150349632,741.0918964975169,0.2972881919808399,217.46911551054296,542115.709909302,0.0016102785043029906,0.15,0.00012491414476678564,2492.84
2017.1,0,0.29169522836225453,131.6231821627561,0.05147562853451549,69.46082465187173,0.02716496857718879,745.8646989222848,0.29169522836225453,217.73364577032802,556744.9322347287,0.0015780211184982403,0.15,0.00012491414476678564,2557.00
2017.11,0,0.28947370636180947,132.49092345124458,0.051083595240319316,70.54103628809443,0.027198012148354777,750.7818995570527,0.28947370636180947,217.99592146454148,565396.4018696494,0.0015641004879942114,0.15,0.00012491414476678564,2593.61
2017.12,0,0.2835774016476567,133.33175546575018,0.05004307087899824,72.55204064531989,0.027230774092390567,755.5466143059177,0.2835774016476567,218.25226809209673,581498.247968497,0.0015303977720561187,0.15,0.00012491414476678564,2664.34
2018.01,0,0.2731380430532813,134.4706786782431,0.04820083112704964,76.05774664077558,0.02726279541213548,762.0005125100442,0.2731380430532813,218.49814333973788,609566.1202892008,0.0014723277654312137,0.15,0.00012491414476678564,2789.80
2018.02,0,0.28400386237403397,135.57809794230735,0.05011832865424129,73.83330801765294,0.027293508708413898,768.2758883397416,0.28400386237403397,218.75485369340348,591766.8800172473,0.0015291763395387581,0.15,0.00012491414476678564,2705.16
2018.03,0,0.28665286853763755,136.72178355837718,0.050585800330171335,73.85474559330767,0.027325575462694814,774.7567734974707,0.28665286853763755,219.0141809864784,591944.9579448242,0.0015416282801224918,0.15,0.00012491414476678564,2702.77
2018.04,0,0.29423645376622587,137.78729661311823,0.0519240800763928,72.59792756863678,0.027357969109723955,780.79468080767,0.29423645376622587,219.2810594711349,581890.7978443877,0.0015805393618050243,0.15,0.00012491414476678564,2653.63
2018.05,0,0.2912732634548138,138.85973091009618,0.0514011641390848,73.997339265908,0.027391306007391477,786.8718084905449,0.2912732634548138,219.54494142858235,593098.4638199009,0.0015627178581696275,0.15,0.00012491414476678564,2701.49
2018.06,0,0.28789027898073055,139.93245704304266,0.05080416687895244,75.53603420856433,0.02742426859642541,792.9505899105752,0.28789027898073055,219.80540743896665,605421.0239795177,0.0015427112264841676,0.15,0.00012491414476678564,2754.35
2018.07,0,0.2866860569860283,141.33487698325553,0.05059165711518146,76.70442728246262,0.02745680448535338,800.8976362384481,0.2866860569860283,220.06463669146734,614781.3716467508,0.001534437746691294,0.15,0.00012491414476678564,2793.64
2018.08,0,0.28303278076273186,142.73942497400301,0.04994696131107033,78.5591452079513,0.02748918588572804,808.8567415193504,0.28303278076273186,220.32018028634434,629635.4176259206,0.001513099728697632,0.15,0.00012491414476678564,2857.82
2018.09,0,0.28151601185476405,144.1444779523408,0.04967929620966424,79.85249165680791,0.027521106895332728,816.8187083965979,0.28151601185476405,220.57417519130377,639995.9693175679,0.0015032454477569076,0.15,0.00012491414476678564,2901.50
2018.1,0,0.2962180951283582,145.60652739815941,0.052273781493239684,76.74731825172324,0.027552834451660856,825.1036552562367,0.2962180951283582,220.84284045198046,615148.8983653735,0.0015799305440872724,0.15,0.00012491414476678564,2785.46
2018.11,0,0.3060559996275652,147.081331741019,0.054009882287217384,70.11903396563886,0.025748480284676235,833.4608798657744,0.3060559996275652,221.12314797132336,602169.1902499469,0.0016304168212012942,0.15,0.00011659187244639213,2723.23
2018.12,0,0.3279231252082217,148.5671150432329,0.05786878680145089,66.18823466305622,0.025781161863217227,841.8803185783197,0.3279231252082217,221.42528993466837,568467.3611021735,0.001744692564071603,0.15,0.00011659187244639213,2567.31
2019.01,0,0.325729705838276,149.87724312452866,0.057481712794989884,67.3133949331133,0.02581638916046825,849.3043777056623,0.325729705838276,221.7252032513462,578124.0777055275,0.0017306578609260603,0.15,0.00011659187244639213,2607.39
2019.02,0,0.31093409155483875,151.16115731660526,0.054870722039089194,71.21686828613812,0.025851356615631326,856.5798914607632,0.31093409155483875,222.0102859862854,611607.2564521782,0.0016498116056714316,0.15,0.00011659187244639213,2754.86
2019.03,0,0.30812328503512687,152.46556390108148,0.05437469735914004,72.57988653528317,0.025884594945500026,863.9715287727951,0.30812328503512687,222.29252467637502,623303.793342062,0.0016327981416890752,0.15,0.00011659187244639213,2803.98
2019.04,0,0.29997012808884066,153.71528081371332,0.05293590495685423,75.2592413866726,0.025917501682854394,871.0532579443756,0.29997012808884066,222.566577302781,646288.8271718156,0.0015875749018527446,0.15,0.00011659187244639213,2903.80
2019.05,0,0.30760318334729175,154.96197944706128,0.054282914708345606,74.07816580469135,0.02594945399171592,878.1178835333473,0.30760318334729175,222.84823103213657,636167.0736097506,0.001625967844953311,0.15,0.00011659187244639213,2854.71
2019.06,0,0.30628906133664235,156.2166099535277,0.05405101082411335,75.0932423939243,0.02598229252740299,885.2274564033237,0.30628906133664235,223.12853780094582,644879.4060961596,0.001616975241364118,0.15,0.00011659187244639213,2890.17
2019.07,0,0.2978351278158788,157.47296555301753,0.05255914020280214,77.94372380638185,0.02601497401843786,892.3468048004327,0.2978351278158788,223.40035795474327,669332.0464717859,0.0015703695792210566,0.15,0.00011659187244639213,2996.11
2019.08,0,0.3104217686000997,158.72595432684508,0.054780312105899946,75.4702148484017,0.026046666039137772,899.4470745187889,0.3104217686000997,223.68473305730421,648126.514033539,0.0016347425941903942,0.15,0.00011659187244639213,2897.50
2019.09,0,0.304012146724413,159.99050531923683,0.053649202363131705,77.77420157239902,0.026079821864822487,906.6128634756755,0.304012146724413,223.9626653821638,667892.5021960735,0.0015989528842628611,0.15,0.00011659187244639213,2982.16
2019.1,0,0.30665924944049694,161.14113774246687,0.054116338136558285,77.75385464915912,0.026112226514991246,913.1331138739789,0.30665924944049694,224.2432124050893,667724.5287143863,0.001610873789885638,0.15,0.00011659187244639213,2977.68
2019.11,0,0.29620196298636753,162.2960249781834,0.05227093464465309,81.17741184136726,0.02614493601770339,919.6774748763726,0.29620196298636753,224.51326943205797,697091.2502595969,0.0015539952977551613,0.15,0.00011659187244639213,3104.90
2019.12,0,0.291553340415115,163.4456601465382,0.051450589485020286,83.15595008838653,0.02617642247214497,926.1920741637165,0.291553340415115,224.77864635000094,714065.5647923655,0.0015277668476692636,0.15,0.00011659187244639213,3176.75
2020.01,0,0.28505022932145996,164.90323442851943,0.05030298164496353,85.9129782517563,0.026207363263911997,934.45166176161,0.28505022932145996,225.03748921605847,737717.8971480828,0.0014919264637097594,0.15,0.00011659187244639213,3278.20
2020.02,0,0.2875960448951454,166.33083421681923,0.050752243216790366,85.9885595531178,0.026237542238335035,942.5413938953089,0.2875960448951454,225.29884771871528,738374.1666170227,0.0015035196548388772,0.15,0.00011659187244639213,3277.31
2020.03,0,0.35847573776288866,167.7913168385132,0.063260424311098,69.673019020872,0.026268014515539576,950.8174620849081,0.35847573776288866,225.63105544196262,598461.5551437072,0.0018718966667797723,0.15,0.00011659187244639213,2652.39
2020.04,0,0.34493331875022876,168.1233401861924,0.06087058566180508,72.65870973098156,0.026306747236034135,952.6989277217568,0.34493331875022876,225.94968201347683,624068.5027275827,0.0017985285918073266,0.15,0.00011659187244639213,2761.98
2020.05,0,0.3269892929070766,168.47373165129864,0.05770399286595469,76.91416711281325,0.02634389650461815,954.684479357359,0.3269892929070766,226.2503274098793,660564.9809124318,0.0017025617489033961,0.15,0.00011659187244639213,2919.62
2020.06,0,0.3080645064958363,168.78274424776995,0.05436432467573582,81.89766877821879,0.026378949314327105,956.4355507373631,0.3080645064958363,226.5320129670608,703304.879378315,0.0016018930682694188,0.15,0.00011659187244639213,3104.66
2020.07,0,0,0,0,84.71899084650991,0.026411791560880003,0,0,226.50560117549992,726543.896442557,0,0.15,0.00011659187244639213,3207.62
2020.08,0,0,0,0,89.5706931223889,0.026408712160647253,0,0,226.47919246333927,768151.7418698325,0,0.15,0.00011659187244639213,3391.71
2020.09,0,0,0,0,88.86868637616311,0.026405633119447547,0,0,226.45278683021982,762131.3831328414,0,0.15,0.00011659187244639213,3365.52
2020.1,0,0,0,0,90.26241285458903,0.026402554437239018,0,0,226.4263842757826,774083.8799236179,0,0.15,0.00011659187244639213,3418.70
